<?xml version="1.0" encoding="UTF-8"?>
<project>
  <modelVersion>4.0.0</modelVersion>

  <groupId>org.geotools</groupId>
  <artifactId>xml</artifactId>
  <packaging>jar</packaging>
  <name>XML Parsing</name>
  <version>1.0-SNAPSHOT</version>

  <licenses>
    <license>
      <name>Lesser General Public License (LGPL)</name>
      <url>http://www.gnu.org/copyleft/lesser.txt</url>
      <distribution>repo</distribution>
    </license>
  </licenses>

  <developers>
    <developer>
      <name>Justin Deoliveira</name>
      <id>jdeolive</id>
      <email>jdeolive@users.sourceforge.net</email>
      <organization>The Open Planning Project</organization>
      <roles>
        <role>Java Developer</role>
        <role>Module Maintainer</role>
      </roles>
    </developer>
  </developers>

  <dependencyManagement>
    <dependencies>
      <dependency>
        <groupId>commons-collections</groupId>
        <artifactId>commons-collections</artifactId>
        <version>3.2.2</version>
      </dependency>
      <dependency>
        <groupId>org.apache.commons</groupId>
        <artifactId>commons-collections4</artifactId>
        <version>4.4</version>
      </dependency>

    </dependencies>
  </dependencyManagement>

  <dependencies> 
    <dependency>
      <groupId>picocontainer</groupId>
      <artifactId>picocontainer</artifactId>
      <version>1.2</version>
    </dependency>
    <dependency>
      <groupId>xsdlib</groupId>
      <artifactId>xsdlib</artifactId>
      <version>20050614</version>
    </dependency>
    <dependency>
      <groupId>relaxng</groupId>
      <artifactId>relaxngDatatype</artifactId>
      <version>X</version>
    </dependency>
    <dependency>
      <groupId>jaxb</groupId>
      <artifactId>jaxb-api</artifactId>
      <version>1.3</version>
    </dependency>
    <dependency>
      <groupId>jaxb</groupId>
      <artifactId>jaxb-impl</artifactId>
      <version>1.3</version>
    </dependency>
    <dependency>
      <groupId>jaxb</groupId>
      <artifactId>jaxb-libs</artifactId>
      <version>1.3</version>
    </dependency>
    <dependency>
      <groupId>xerces</groupId>
      <artifactId>xercesImpl</artifactId>
      <version>2.7.1</version>
    </dependency>
    <dependency>
      <groupId>xml-apis</groupId>
      <artifactId>xml-apis-xerces</artifactId>
      <version>2.7.1</version>
    </dependency>
    <dependency>
      <groupId>commons-collections</groupId>
      <artifactId>commons-collections</artifactId>
    </dependency>
    <dependency>
      <groupId>org.eclipse.xsd</groupId>
      <artifactId>xsd</artifactId>
      <version>2.2.2</version>
    </dependency>
    <dependency>
      <groupId>org.eclipse.emf</groupId>
      <artifactId>common</artifactId>
      <version>2.2.1</version>
    </dependency>
    <dependency>
      <groupId>org.eclipse.emf</groupId>
      <artifactId>ecore</artifactId>
      <version>2.2.2</version>
    </dependency>
    <dependency>
      <groupId>junit</groupId>
      <artifactId>junit</artifactId>
      <version>4.4</version>
      <scope>test</scope>
    </dependency>
  </dependencies>

  <build> 
    <plugins>
      <plugin>
        <groupId>org.codehaus.mojo</groupId>
        <artifactId>build-helper-maven-plugin</artifactId>
        <executions>
          <execution>
            <id>add-source</id>
            <phase>generate-sources</phase>
            <goals>
              <goal>add-source</goal>
            </goals>
            <configuration>
              <sources>
                <source>${basedir}/src/stub/java</source>
              </sources>
            </configuration>
          </execution>
        </executions>
      </plugin>
      <plugin>
        <artifactId>maven-compiler-plugin</artifactId>
        <configuration>
          <excludes>
            <exclude>**/XmlConverterFactory.java</exclude>
            <exclude>**/XPathPropertyAccessorFactory.java</exclude>
            <exclude>**/XSSchema.java</exclude>
            <exclude>**/impl/jxpath/*.java</exclude>
          </excludes>
          <testExcludes>
            <exclude>**/XPathPropertyAcessorTest.java</exclude>
            <exclude>**/impl/jxpath/*.java</exclude>
          </testExcludes>
          <source>1.8</source>
          <target>1.8</target>
        </configuration>
      </plugin>
    </plugins>
  </build> 


</project>

