{
  "$schema": "http://json-schema.org/draft-04/schema#",
  "type": "object",
  "properties": {
    "error": {
      "type": "object",
      "properties": {
        "code": {
          "type": "integer"
        },
        "message": {
          "type": "string"
        },
        "details": {
          "type": "array",
          "items": {
            "type": "string"
          }
        }
      },
      "required": [
        "code",
        "message",
        "details"
      ]
    }
  },
  "required": [
    "error"
  ]
}

